N,fanout,delay_base_us,delay_edag_us,delay_ideal_us,delay_speedup,energy_base_sw_uj,energy_edag_sw_uj,energy_edag_hw_uj,edp_base_sw,edp_edag_sw,edp_edag_hw,edp_improve_sw,edp_improve_hw
100,1,66.75,40.83,39.37,1.63,1001.3,612.43,91.86,66839.5,25004.4,3750.7,2.67,17.82
500,1,68.6,40.83,39.37,1.68,1029.03,612.43,91.86,70593.8,25004.4,3750.7,2.82,18.82
1000,1,70.91,40.83,39.37,1.74,1063.7,612.43,91.86,75430.8,25004.4,3750.7,3.02,20.11
2000,2,87.2,41.35,39.37,2.11,1308.04,620.19,93.03,114065.4,25642.0,3846.3,4.45,29.66
5000,5,136.07,42.9,39.37,3.17,2041.07,643.46,96.52,277731.4,27602.8,4140.4,10.06,67.08
10000,10,217.52,45.48,39.37,4.78,3262.78,682.26,102.34,709716.3,31031.5,4654.7,22.87,152.47
20000,20,380.41,50.66,39.37,7.51,5706.2,759.84,113.98,2170717.0,38490.8,5773.6,56.4,375.97
40000,40,706.2,61.0,39.37,11.58,10593.05,915.02,137.25,7480841.8,55817.4,8372.6,134.02,893.49
60000,60,1031.99,71.35,39.37,14.46,15479.89,1070.2,160.53,15975131.3,76354.7,11453.2,209.22,1394.82
