N,fanout,delay_base_us,delay_edag_us,delay_ideal_us,delay_speedup,energy_base_sw_uj,energy_edag_sw_uj,energy_edag_hw_uj,edp_base_sw,edp_edag_sw,edp_edag_hw,edp_improve_sw,edp_improve_hw
100,1,35.52,22.53,21.06,1.58,532.77,337.93,50.69,18922.9,7613.3,1142.0,2.49,16.57
500,1,36.41,22.53,21.06,1.62,546.08,337.93,50.69,19880.5,7613.3,1142.0,2.61,17.41
1000,1,37.52,22.53,21.06,1.67,562.73,337.93,50.69,21110.7,7613.3,1142.0,2.77,18.49
2000,2,49.91,23.07,21.06,2.16,748.65,346.12,51.92,37365.4,7986.6,1198.0,4.68,31.19
5000,5,87.1,24.71,21.06,3.52,1306.44,370.68,55.6,113785.0,9160.3,1374.0,12.42,82.81
10000,10,149.07,27.44,21.06,5.43,2236.07,411.61,61.74,333335.0,11295.0,1694.3,29.51,196.74
20000,20,273.02,32.9,21.06,8.3,4095.35,493.48,74.02,1118125.8,16234.7,2435.2,68.87,459.15
40000,40,520.93,43.81,21.06,11.89,7813.9,657.21,98.58,4070470.0,28794.9,4319.2,141.36,942.41
60000,60,768.83,54.73,21.06,14.05,11532.45,820.94,123.14,8866497.8,44929.4,6739.4,197.34,1315.62
